City_ID,City,Lat,Lng,Max Temp,Humidity,Cloudiness,Wind Speed,Country,Date
0,Jayapura,-2.5333,140.7,78.19,92,68,5.44,ID,2023-10-29 18:01:14
1,Bilibino,68.0546,166.4372,-9.42,93,18,4.94,RU,2023-10-29 18:01:09
2,Murun-Kuren,49.6342,100.1625,30.72,36,94,2.91,MN,2023-10-29 18:01:14
3,Tiksi,71.6872,128.8694,9.14,95,100,5.39,RU,2023-10-29 18:01:15
4,Grytviken,-54.2811,-36.5092,38.07,91,74,5.77,GS,2023-10-29 18:01:15
5,Talavera De La Reina,39.9635,-4.8308,59.77,87,99,7.78,ES,2023-10-29 18:01:15
6,Adiake,5.2863,-3.304,80.08,81,65,7.4,CI,2023-10-29 18:01:16
7,Adamstown,-25.066,-130.1015,72.09,84,100,16.64,PN,2023-10-29 18:01:16
8,Malango,-2.9627,119.9001,64.99,91,96,2.3,ID,2023-10-29 18:01:16
9,Yellowknife,62.456,-114.3525,25.41,90,75,4.61,CA,2023-10-29 18:01:17
10,Yuzhno-Kurilsk,44.0306,145.8556,46.38,76,6,5.46,RU,2023-10-29 18:01:17
11,West Island,-12.1568,96.8225,78.78,83,100,17.27,CC,2023-10-29 18:01:17
12,Papatowai,-46.5619,169.4708,43.43,86,74,3.87,NZ,2023-10-29 18:01:18
13,Punta Arenas,-53.15,-70.9167,46.51,42,20,14.97,CL,2023-10-29 17:57:41
14,Trumann,35.6737,-90.5073,51.91,94,100,10.8,US,2023-10-29 18:01:18
15,Waitangi,-43.9535,-176.5597,47.82,93,13,1.36,NZ,2023-10-29 18:01:19
16,Tura,25.5198,90.2201,67.57,91,12,3.65,IN,2023-10-29 18:01:19
17,Anadyr,64.75,177.4833,30.7,92,75,13.42,RU,2023-10-29 18:01:20
18,Kenora,49.8167,-94.4337,25.77,80,75,8.05,CA,2023-10-29 18:01:20
19,Andilamena,-17.0167,48.5833,65.64,89,84,7.87,MG,2023-10-29 18:01:21
20,Thompson,55.7435,-97.8558,23.16,74,75,8.05,CA,2023-10-29 18:01:21
21,Mao,39.8885,4.2658,66.76,88,0,8.05,ES,2023-10-29 18:01:21
22,Badger,64.8,-147.5333,20.35,88,20,0.0,US,2023-10-29 17:56:52
23,Ilulissat,69.2167,-51.1,26.62,63,100,10.36,GL,2023-10-29 18:01:22
24,Port-Aux-Francais,-49.35,70.2167,35.06,95,100,22.93,TF,2023-10-29 18:01:22
25,Eusebio Ayala,-25.4,-56.9667,84.96,71,46,3.15,PY,2023-10-29 18:01:23
26,Margate,51.3813,1.3862,51.91,91,70,5.99,GB,2023-10-29 18:01:23
27,Port Mathurin,-19.6833,63.4167,76.57,78,8,13.76,MU,2023-10-29 18:01:05
28,Chonchi,-42.6128,-73.8092,48.11,64,69,11.7,CL,2023-10-29 18:00:24
29,Albany,42.6001,-73.9662,44.64,91,100,3.67,US,2023-10-29 17:57:48
30,Tafuna,-14.3358,-170.72,80.53,79,80,10.65,AS,2023-10-29 18:01:24
31,Port Elizabeth,-33.918,25.5701,57.49,77,20,6.91,ZA,2023-10-29 18:01:24
32,Mount Pearl,47.5166,-52.7813,49.14,63,75,27.63,CA,2023-10-29 18:01:24
33,Udachny,66.4167,112.4,2.44,84,99,6.46,RU,2023-10-29 18:01:25
34,Talnakh,69.4865,88.3972,1.2,96,80,3.29,RU,2023-10-29 18:01:25
35,Bethel,41.3712,-73.414,50.9,87,100,6.91,US,2023-10-29 17:59:13
36,Quelimane,-17.8786,36.8883,78.85,86,11,10.78,MZ,2023-10-29 18:01:26
37,Ushuaia,-54.8,-68.3,35.26,93,75,13.8,AR,2023-10-29 18:01:26
38,Tamiahua,21.2667,-97.45,83.23,66,15,7.78,MX,2023-10-29 18:01:26
39,Itaituba,-4.2761,-55.9836,102.36,42,20,3.6,BR,2023-10-29 18:01:06
40,Ulladulla,-35.35,150.4667,59.88,42,65,7.43,AU,2023-10-29 18:01:27
41,Chui,-33.6971,-53.4616,79.59,56,4,7.34,UY,2023-10-29 18:01:27
42,Puerto Ayora,-0.7393,-90.3518,85.96,85,67,8.99,EC,2023-10-29 18:01:27
43,Tayu,-6.5397,111.0518,79.38,77,74,5.64,ID,2023-10-29 18:01:28
44,Mar Del Plata,-38.0023,-57.5575,71.62,30,0,10.36,AR,2023-10-29 18:00:20
45,Port Alfred,-33.5906,26.891,57.18,76,86,3.0,ZA,2023-10-29 18:01:28
46,Savanna-La-Mar,18.219,-78.1332,85.95,54,11,4.65,JM,2023-10-29 18:01:29
47,Hilo,19.7297,-155.09,78.62,76,5,1.99,US,2023-10-29 18:00:27
48,Jamestown,42.097,-79.2353,46.53,97,100,8.05,US,2023-10-29 17:58:04
49,Hovd,48.0056,91.6419,32.0,64,55,2.13,MN,2023-10-29 18:01:30
50,Wattegama,6.7989,81.4808,74.46,91,79,1.83,LK,2023-10-29 18:01:31
51,Posto Fiscal Rolim De Moura,-13.0833,-62.2667,99.86,29,80,9.48,BR,2023-10-29 18:01:31
52,San Juan Nepomuceno,9.9516,-75.082,84.92,70,55,10.11,CO,2023-10-29 18:01:31
53,Olonkinbyen,70.9221,-8.7187,31.8,71,100,2.89,SJ,2023-10-29 18:01:32
54,Sisimiut,66.9395,-53.6735,24.91,68,100,9.75,GL,2023-10-29 18:01:32
55,Barrouallie,13.2333,-61.2667,79.81,82,76,7.2,VC,2023-10-29 18:01:32
56,Vernon,50.2581,-119.2691,40.6,61,9,5.75,CA,2023-10-29 18:01:29
57,Saldanha,-33.0117,17.9442,75.25,38,0,17.45,ZA,2023-10-29 18:01:33
58,Lincheng,19.9078,109.6858,76.5,88,98,12.62,CN,2023-10-29 18:01:33
59,Georgetown,5.4112,100.3354,78.03,94,20,3.44,MY,2023-10-29 18:01:33
60,Careiro Da Varzea,-3.2003,-59.8119,97.43,23,63,4.47,BR,2023-10-29 18:01:33
61,Umea,63.8284,20.2597,28.33,86,100,6.91,SE,2023-10-29 18:00:55
62,Howard Springs,-12.497,131.047,82.31,83,34,4.81,AU,2023-10-29 18:01:34
63,Daru,-9.0763,143.2092,77.4,90,100,16.13,PG,2023-10-29 18:01:34
64,Obonoma,4.7084,6.7931,77.29,85,99,5.55,NG,2023-10-29 18:01:35
65,Alo,7.4178,6.7371,84.02,67,61,0.94,NG,2023-10-29 18:01:35
66,La Ronge,55.1001,-105.2842,28.65,86,75,8.05,CA,2023-10-29 18:01:35
67,New Norfolk,-42.7826,147.0587,56.7,58,100,9.62,AU,2023-10-29 18:01:36
68,Puerto Natales,-51.7236,-72.4875,43.25,49,75,19.57,CL,2023-10-29 18:01:36
69,Edinburgh Of The Seven Seas,-37.0676,-12.3116,52.14,63,92,26.35,SH,2023-10-29 18:01:36
70,Levuka,50.1834,-105.4011,24.51,85,53,13.8,CA,2023-10-29 18:01:37
71,Kodiak,57.79,-152.4072,45.91,100,100,17.27,US,2023-10-29 18:00:25
72,Utrik,11.2278,169.8474,83.14,76,93,17.67,MH,2023-10-29 18:01:37
73,Dudinka,69.4058,86.1778,1.62,98,46,3.96,RU,2023-10-29 18:01:37
74,Stanley,54.868,-1.6985,48.79,95,75,8.05,GB,2023-10-29 18:01:38
75,San Patricio,28.017,-97.5169,89.08,57,32,13.18,US,2023-10-29 18:01:38
76,Bandar,2.05,99.75,72.25,98,100,2.33,ID,2023-10-29 18:01:38
77,Nogliki,51.8333,143.1667,31.33,80,9,7.0,RU,2023-10-29 18:01:39
78,Mugia,43.1041,-9.2179,55.9,69,83,17.9,ES,2023-10-29 18:01:39
79,Puerto Baquerizo Moreno,-0.9,-89.6,81.59,69,40,12.66,EC,2023-10-29 18:01:39
80,Kaifeng,34.7911,114.3483,64.45,58,0,9.31,CN,2023-10-29 18:01:40
81,Kirakira,-10.4544,161.9205,77.41,88,75,6.69,SB,2023-10-29 18:01:40
82,Broken Hill,-31.95,141.4333,59.14,38,64,14.85,AU,2023-10-29 18:01:40
83,Westport,41.1415,-73.3579,55.44,88,100,12.66,US,2023-10-29 17:57:31
84,Carnarvon,-24.8667,113.6333,66.67,76,0,25.5,AU,2023-10-29 18:01:40
85,Nar'Yan-Mar,67.6713,53.087,16.11,86,100,13.0,RU,2023-10-29 18:01:41
86,Atafu Village,-8.5421,-172.5159,84.16,70,97,11.63,TK,2023-10-29 18:01:41
87,Bredasdorp,-34.5322,20.0403,56.43,58,0,21.09,ZA,2023-10-29 18:01:41
88,Harstad,68.799,16.5293,32.16,92,82,4.0,NO,2023-10-29 18:01:41
89,Bel Ombre,-4.6167,55.4167,82.24,83,40,5.75,SC,2023-10-29 18:01:42
90,Whitehorse,60.7161,-135.0538,26.1,93,100,16.11,CA,2023-10-29 18:01:42
91,Aweil,8.7682,27.4002,77.58,71,28,4.12,SS,2023-10-29 18:01:42
92,Zapala,-38.8992,-70.0544,42.58,49,42,31.41,AR,2023-10-29 18:01:42
93,Iqaluit,63.7506,-68.5145,19.13,62,75,13.8,CA,2023-10-29 18:01:43
94,Blackmans Bay,-43.0167,147.3167,55.53,58,100,1.99,AU,2023-10-29 18:00:52
95,Matadi,-5.8167,13.45,85.5,69,90,7.07,CD,2023-10-29 18:01:43
96,San Sebastian De La Gomera,28.0916,-17.1133,77.36,64,20,8.05,ES,2023-10-29 18:01:43
97,Broome,42.2506,-75.833,48.7,96,100,4.61,US,2023-10-29 18:01:44
98,Port Blair,11.6667,92.75,78.84,94,40,1.14,IN,2023-10-29 18:01:44
99,Phalodi,27.1333,72.3667,84.02,27,0,0.83,IN,2023-10-29 18:01:44
100,Zholymbet,51.7433,71.7122,35.13,100,100,7.72,KZ,2023-10-29 18:01:44
101,Paris,48.8534,2.3488,57.97,75,0,10.36,FR,2023-10-29 17:59:00
102,La Passe,45.5549,-0.8967,59.99,90,100,13.87,FR,2023-10-29 18:01:45
103,Kavaratti,10.5669,72.642,83.53,68,90,2.53,IN,2023-10-29 18:01:31
104,Touros,-5.1989,-35.4608,83.35,59,76,18.72,BR,2023-10-29 18:01:45
105,Kodinsk,58.6881,99.1844,20.44,77,57,3.4,RU,2023-10-29 18:01:45
106,Bikenibeu Village,1.3673,173.1241,80.56,89,20,2.3,KI,2023-10-29 18:01:45
107,Kharkiv,50.0,36.25,50.47,69,75,5.59,UA,2023-10-29 18:01:45
108,Laojunmiao,39.8333,97.7333,47.28,28,4,7.11,CN,2023-10-29 18:01:46
109,Pemangkat,1.1667,108.9667,79.47,80,100,2.73,ID,2023-10-29 18:01:46
110,Selfoss,63.9331,-20.9971,33.04,69,18,5.68,IS,2023-10-29 18:01:46
111,Tromso,69.6496,18.957,26.62,86,20,6.91,NO,2023-10-29 18:01:46
112,Qui Nhon,13.7667,109.2333,77.58,89,95,7.27,VN,2023-10-29 18:01:46
113,Acarau,-2.8856,-40.12,87.62,53,13,21.52,BR,2023-10-29 18:01:47
114,Lemvig,56.5486,8.3102,50.2,96,99,15.93,DK,2023-10-29 17:57:29
115,Odienne,9.51,-7.5692,81.21,52,2,3.09,CI,2023-10-29 18:01:47
116,Gaspe,48.8334,-64.4819,44.82,39,20,12.66,CA,2023-10-29 18:00:17
117,N'Zeto,-7.2312,12.8666,78.35,87,43,7.99,AO,2023-10-29 18:01:47
118,Colonia,50.9333,6.95,58.05,75,20,11.5,DE,2023-10-29 18:01:47
119,San Matias,-16.3667,-58.4,102.9,25,100,10.56,BO,2023-10-29 18:01:48
120,Tolanaro,-25.0319,46.9987,77.07,69,0,6.91,MG,2023-10-29 18:01:48
121,Invercargill,-46.4,168.35,39.02,96,68,1.01,NZ,2023-10-29 18:01:48
122,College,64.8569,-147.8028,20.44,89,20,0.0,US,2023-10-29 18:00:42
123,Karratha,-20.7377,116.8463,80.42,71,100,11.79,AU,2023-10-29 18:01:48
124,Dicle,38.3751,40.0722,66.4,43,63,1.66,TR,2023-10-29 18:01:48
125,Niafunke,15.9322,-3.9906,94.24,9,18,6.08,ML,2023-10-29 18:01:49
126,Margaret River,-33.95,115.0667,53.47,67,23,12.33,AU,2023-10-29 18:00:53
127,Vershino-Darasunskiy,52.35,115.5167,12.87,44,27,3.44,RU,2023-10-29 18:01:49
128,Tazovsky,67.4667,78.7,3.65,94,26,3.42,RU,2023-10-29 18:01:49
129,Hobyo,5.3505,48.5268,77.07,91,100,12.44,SO,2023-10-29 18:01:49
130,Constantia,44.1833,28.65,57.88,61,0,6.87,RO,2023-10-29 18:01:49
131,Severo-Yeniseyskiy,60.3725,93.0408,8.58,97,96,3.0,RU,2023-10-29 18:01:50
132,Kaiapoi,-43.3783,172.6401,52.09,93,62,9.22,NZ,2023-10-29 18:01:50
133,Tucurui,-3.7661,-49.6725,103.75,24,53,5.21,BR,2023-10-29 18:01:50
134,Betio Village,1.358,172.9211,80.64,70,99,7.29,KI,2023-10-29 18:01:50
135,Borovikha,53.5072,83.8379,27.99,83,89,5.12,RU,2023-10-29 18:01:50
136,Wailua Homesteads,22.0669,-159.378,77.43,90,26,3.83,US,2023-10-29 18:00:50
137,Enewetak,11.3474,162.3373,83.64,76,40,19.15,MH,2023-10-29 18:01:51
138,Isafjordur,66.0755,-23.124,32.04,80,20,4.61,IS,2023-10-29 18:01:51
139,Serenje,-13.2325,30.2352,74.52,38,79,4.27,ZM,2023-10-29 18:01:51
140,Jackson,42.4165,-122.8345,56.44,20,0,1.28,US,2023-10-29 18:01:51
141,Pokrovo-Prigorodnoye,52.6841,41.4175,39.56,96,100,12.3,RU,2023-10-29 18:01:52
142,Fort Saskatchewan,53.7168,-113.2187,33.78,71,22,8.43,CA,2023-10-29 18:01:52
143,Susuman,62.7833,148.1667,-0.02,99,94,1.01,RU,2023-10-29 18:01:52
144,Riachao,-7.3619,-46.6172,102.24,16,9,10.87,BR,2023-10-29 18:01:53
145,Huicungo,-7.2833,-76.8,79.11,93,100,1.61,PE,2023-10-29 18:01:53
146,Kuala Kedah,6.1,100.3,77.0,94,20,0.0,MY,2023-10-29 18:01:53
147,Cold Springs,39.6802,-119.9766,44.98,31,0,12.66,US,2023-10-29 18:01:53
148,San Pedro,14.35,121.0167,81.63,84,20,8.01,PH,2023-10-29 18:01:53
149,Itoman,26.1247,127.6694,71.62,68,9,4.61,JP,2023-10-29 18:01:54
150,Usogorsk,63.4106,48.6872,25.66,83,100,6.51,RU,2023-10-29 18:01:54
151,Lompoc,34.6391,-120.4579,74.84,48,0,3.0,US,2023-10-29 18:01:54
152,Okhotsk,59.3833,143.3,20.91,78,38,9.51,RU,2023-10-29 18:01:54
153,Tongchuanshi,35.0806,109.0897,59.92,47,7,3.8,CN,2023-10-29 18:01:54
154,Balaka,-14.9793,34.9558,85.24,27,31,3.83,MW,2023-10-29 18:01:55
155,Corfu,39.62,19.9197,69.58,73,20,0.0,GR,2023-10-29 18:01:55
156,Berdigestyakh,62.0989,126.6992,-5.42,100,93,2.26,RU,2023-10-29 18:01:55
157,Qaqortoq,60.7167,-46.0333,39.7,65,100,9.66,GL,2023-10-29 18:01:55
158,Sahab,31.8721,36.005,70.43,49,75,16.11,JO,2023-10-29 18:01:55
159,Neiafu,-18.65,-173.9833,75.88,94,100,8.05,TO,2023-10-29 18:01:56
160,Rongelap,11.1635,166.8941,83.57,69,94,21.3,MH,2023-10-29 18:01:56
161,Buala,-8.145,159.5921,79.39,84,100,4.18,SB,2023-10-29 18:01:56
162,Inirida,3.8653,-67.9239,94.73,47,100,2.46,CO,2023-10-29 18:01:57
163,Reyes,-14.3167,-67.3833,96.22,39,54,11.27,BO,2023-10-29 18:01:57
164,Nova Sintra,14.8667,-24.7167,73.71,67,92,12.53,CV,2023-10-29 18:01:57
165,Hinton,53.4001,-117.5857,35.02,56,100,4.72,CA,2023-10-29 18:00:47
166,Luganville,-15.5333,167.1667,74.52,82,92,4.36,VU,2023-10-29 18:01:57
167,Ribeira Grande,38.5167,-28.7,64.8,59,20,11.5,PT,2023-10-29 18:01:57
168,Crane,31.3974,-102.3501,45.09,88,100,21.92,US,2023-10-29 18:01:58
169,Ostersund,63.1792,14.6357,29.61,93,100,2.3,SE,2023-10-29 18:01:07
170,Akureyri,65.6835,-18.0878,31.93,80,0,0.0,IS,2023-10-29 18:00:12
171,Fayzabad,37.1166,70.58,61.02,43,17,2.73,AF,2023-10-29 18:01:58
172,Villa Gesell,-37.2639,-56.973,58.44,88,100,9.31,AR,2023-10-29 18:01:58
173,Longyearbyen,78.2186,15.6401,24.64,86,75,6.91,SJ,2023-10-29 18:01:59
174,Alice Springs,-23.7,133.8833,72.95,9,80,6.91,AU,2023-10-29 18:01:59
175,Toktogul,41.8708,72.9402,57.97,57,98,3.02,KG,2023-10-29 18:01:59
176,Kingston,17.997,-76.7936,90.25,64,20,8.05,JM,2023-10-29 18:01:55
177,Fale Old Settlement,-9.3852,-171.2468,83.75,69,58,11.86,TK,2023-10-29 18:01:59
178,Mount Isa,-20.7333,139.5,69.57,60,92,0.0,AU,2023-10-29 18:02:00
179,Jiangzi,28.95,89.6333,31.8,57,98,6.04,CN,2023-10-29 18:02:00
180,Saint Croix,17.7397,-64.7388,79.95,88,100,8.34,VI,2023-10-29 18:02:00
181,Kingsville,27.5159,-97.8561,91.58,61,20,13.8,US,2023-10-29 18:02:00
182,East End,34.5507,-92.341,56.91,92,100,8.75,US,2023-10-29 18:02:00
183,Prince Rupert,54.3161,-130.3201,40.69,87,0,6.91,CA,2023-10-29 18:00:28
184,Sulak,43.2734,47.5146,66.13,60,48,5.32,RU,2023-10-29 18:02:01
185,Hawaiian Paradise Park,19.5933,-154.9731,78.03,74,19,1.01,US,2023-10-29 18:02:01
186,Iskateley,67.6803,53.1512,16.02,86,100,13.0,RU,2023-10-29 18:02:01
187,Cabo San Lucas,22.8909,-109.9124,86.61,66,0,6.85,MX,2023-10-29 18:02:01
188,Ust-Nera,64.5667,143.2,-0.62,97,60,1.77,RU,2023-10-29 18:01:15
189,Soio,-6.1349,12.3689,79.02,85,57,9.1,AO,2023-10-29 18:02:02
190,Novoanninskiy,50.5287,42.6747,42.57,84,82,10.67,RU,2023-10-29 18:02:02
191,Dul'Durga,50.6761,113.5931,17.51,44,19,2.01,RU,2023-10-29 18:02:04
192,Verkhnevilyuysk,63.4453,120.3167,9.63,93,51,5.23,RU,2023-10-29 18:02:04
193,Pariaman,-0.619,100.12,77.05,89,100,2.01,ID,2023-10-29 17:58:34
194,Chai Nat,15.1167,100.1,75.33,95,100,4.79,TH,2023-10-29 18:02:04
195,Aasiaat,68.7098,-52.8699,19.69,83,100,4.38,GL,2023-10-29 18:02:05
196,Hermanus,-34.4187,19.2345,57.33,61,0,26.71,ZA,2023-10-29 18:02:05
197,Luderitz,-26.6481,15.1594,71.64,34,27,18.03,NA,2023-10-29 18:02:06
198,Port Hedland,-20.3167,118.5667,77.05,94,95,6.91,AU,2023-10-29 18:00:20
199,Bouarfa,32.53,-1.95,71.73,32,92,12.59,MA,2023-10-29 18:02:06
200,Baiquan,47.5833,126.0833,43.3,60,86,5.75,CN,2023-10-29 18:02:06
201,Lebu,-37.6167,-73.65,47.86,80,100,16.42,CL,2023-10-29 18:02:07
202,El Colomo,19.05,-104.25,86.76,64,35,5.95,MX,2023-10-29 18:02:07
203,Galliano,29.4422,-90.2992,87.01,58,100,9.22,US,2023-10-29 18:02:07
204,Parapat,2.663,98.9349,66.94,94,92,0.72,ID,2023-10-29 18:02:08
205,Vinhedo,-23.0297,-46.9753,86.65,35,40,9.22,BR,2023-10-29 18:02:08
206,Nuuk,64.1835,-51.7216,30.81,86,100,16.11,GL,2023-10-29 18:02:08
207,Funadhoo,6.15,73.2667,81.79,74,91,6.22,MV,2023-10-29 18:02:09
208,Hadibu,12.65,54.0333,80.26,73,85,8.99,YE,2023-10-29 18:01:05
209,Malyye Derbety,47.9547,44.6808,53.94,67,3,10.58,RU,2023-10-29 18:02:09
210,Ibotirama,-12.1853,-43.2206,104.83,10,40,7.49,BR,2023-10-29 18:00:27
211,Weno,7.4515,151.8468,82.35,83,100,8.05,FM,2023-10-29 18:02:10
212,Kincardine,56.0667,-3.7167,50.56,91,100,13.98,GB,2023-10-29 18:00:57
213,Wuyishan,28.0047,117.8114,62.11,86,3,1.5,CN,2023-10-29 18:02:11
214,Al Ghayzah,16.2079,52.176,78.84,72,15,7.63,YE,2023-10-29 18:02:11
215,Lesogorsk,56.0458,99.5136,20.93,65,2,1.99,RU,2023-10-29 18:02:11
216,Danville,36.586,-79.395,84.29,55,3,4.0,US,2023-10-29 18:02:09
217,Byron Bay,-28.65,153.6167,54.72,81,16,4.88,AU,2023-10-29 18:02:12
218,Kamaishi,39.2667,141.8833,54.12,82,93,11.5,JP,2023-10-29 18:02:12
219,Jimo,36.3897,120.4622,58.78,100,1,6.71,CN,2023-10-29 18:02:12
220,Reggane,26.7158,0.1714,90.0,12,72,4.97,DZ,2023-10-29 18:02:13
221,Greenville,35.6127,-77.3663,83.14,55,0,9.22,US,2023-10-29 18:02:13
222,Strezhevoy,60.7333,77.5889,7.97,96,14,1.01,RU,2023-10-29 18:02:13
223,Newman,37.3138,-121.0208,61.03,26,0,7.0,US,2023-10-29 18:02:14
224,Bu'Aale,1.0833,42.5833,78.82,77,94,8.41,SO,2023-10-29 18:02:14
225,Guli,28.8833,120.0333,60.28,83,7,2.64,CN,2023-10-29 18:02:14
226,Aral,40.5156,81.2636,56.7,28,11,1.81,CN,2023-10-29 18:02:15
227,Zimovniki,47.1483,42.4633,53.69,67,2,8.5,RU,2023-10-29 18:02:15
228,Haiku-Pauwela,20.9219,-156.3051,78.04,70,7,7.34,US,2023-10-29 18:02:16
229,Ikalamavony,-21.15,46.5833,76.62,58,70,4.52,MG,2023-10-29 18:02:16
230,San Antonio Oeste,-40.7319,-64.9477,65.97,16,59,32.17,AR,2023-10-29 18:02:17
231,Naze,28.3667,129.4833,63.52,66,8,3.69,JP,2023-10-29 18:02:17
232,Bugasan,7.4408,124.2592,73.53,94,56,3.04,PH,2023-10-29 18:02:18
233,Kapa'A,22.0752,-159.319,78.78,90,28,4.09,US,2023-10-29 18:02:19
234,Baiyin,36.5583,104.2081,50.79,36,73,1.48,CN,2023-10-29 18:02:19
235,Buka,40.8108,69.1986,67.69,35,97,0.89,UZ,2023-10-29 18:02:19
236,Saint-Joseph,-21.3667,55.6167,77.38,85,50,11.56,RE,2023-10-29 18:02:19
237,Gadzhiyevo,69.2551,33.3362,19.54,91,100,4.07,RU,2023-10-29 18:02:20
238,Patacamaya,-17.2333,-67.9167,65.19,8,42,8.25,BO,2023-10-29 18:02:20
239,Arraial Do Cabo,-22.9661,-42.0278,89.56,62,0,12.66,BR,2023-10-29 18:02:20
240,Senanga,-16.1167,23.2667,76.1,53,88,3.13,ZM,2023-10-29 18:02:20
241,Saipan,15.1355,145.701,83.66,78,52,12.1,MP,2023-10-29 18:02:21
242,Bengkulu,-3.8004,102.2655,73.81,87,53,2.06,ID,2023-10-29 18:02:21
243,Bereket,39.2446,55.5154,75.56,33,4,7.23,TM,2023-10-29 18:02:22
244,Kshenskiy,51.8408,37.7136,39.52,74,100,10.27,RU,2023-10-29 18:02:22
245,Novodvinsk,64.4165,40.8122,23.79,81,91,3.06,RU,2023-10-29 18:00:38
246,Paradise Point,-27.8863,153.3957,63.97,81,20,2.08,AU,2023-10-29 18:02:22
247,East London,-33.0153,27.9116,58.48,63,97,13.06,ZA,2023-10-29 18:02:13
248,Ketchikan,55.3422,-131.6461,39.18,81,99,2.15,US,2023-10-29 18:02:23
249,Zheleznodorozhnyy,55.7503,38.0042,33.35,97,100,11.01,RU,2023-10-29 18:02:23
250,Sitka,57.0531,-135.33,42.24,76,100,1.43,US,2023-10-29 18:02:24
251,Lithgow,-33.4833,150.15,48.58,48,4,4.45,AU,2023-10-29 18:02:24
252,Launceston,-41.45,147.1667,52.81,93,100,11.5,AU,2023-10-29 18:02:25
253,Zhangjiakou,40.81,114.8794,50.94,37,24,5.77,CN,2023-10-29 18:02:25
254,Tchibanga,-2.85,11.0333,75.36,95,78,4.03,GA,2023-10-29 18:02:25
255,Davos,46.8043,9.8372,44.51,92,97,9.57,CH,2023-10-29 18:02:25
256,Hithadhoo,-0.6,73.0833,80.89,79,99,17.25,MV,2023-10-29 18:02:26
257,Zhangye,38.9342,100.4517,50.95,27,0,5.61,CN,2023-10-29 18:02:26
258,Praia Da Vitoria,38.7333,-27.0667,62.85,82,40,13.82,PT,2023-10-29 18:02:26
259,Petropavlovsk-Kamchatsky,53.0452,158.6483,37.45,59,75,6.71,RU,2023-10-29 18:02:26
260,San Clemente Del Tuyu,-36.3569,-56.7235,64.98,83,100,10.63,AR,2023-10-29 18:02:27
261,Nguigmi,14.2495,13.1092,90.39,20,23,6.4,NE,2023-10-29 18:02:27
262,Klyuchi,52.2667,79.1667,29.97,93,98,5.39,RU,2023-10-29 18:02:27
263,Nenjiang,49.1833,125.2167,38.21,56,86,6.49,CN,2023-10-29 18:02:28
264,Kadnikov,59.5022,40.338,25.83,96,96,5.48,RU,2023-10-29 18:02:28
265,Burley,42.5357,-113.7928,35.29,50,0,4.0,US,2023-10-29 18:01:27
266,Luninyets,52.2472,26.8047,45.95,94,84,9.33,BY,2023-10-29 18:02:29
267,Kuppam,12.75,78.3667,68.92,95,76,4.79,IN,2023-10-29 18:02:29
268,Levin,-40.6333,175.275,52.72,77,100,9.86,NZ,2023-10-29 18:02:29
269,Deqen,29.9618,90.7188,39.24,55,100,2.44,CN,2023-10-29 18:02:29
270,Sparta,43.9441,-90.8129,38.1,60,100,7.54,US,2023-10-29 18:02:30
271,St. John'S,47.5649,-52.7093,49.96,63,75,27.63,CA,2023-10-29 18:00:31
272,Indramayu,-6.3264,108.32,82.81,68,32,7.94,ID,2023-10-29 18:02:30
273,Praia,14.9215,-23.5087,82.94,61,75,8.05,CV,2023-10-29 18:00:38
274,Puerto Deseado,-47.7503,-65.8938,47.17,53,55,27.96,AR,2023-10-29 18:02:31
275,Masindi Port,1.6961,32.0861,68.02,92,95,3.89,UG,2023-10-29 18:02:31
276,Guerrero Negro,27.9769,-114.0611,71.33,59,4,9.42,MX,2023-10-29 18:02:31
277,Hanceville,34.0607,-86.7675,82.45,46,0,6.31,US,2023-10-29 18:02:31
278,Loango,-4.6719,11.8312,79.21,86,41,8.01,CG,2023-10-29 18:02:32
279,Porto Novo,6.4965,2.6036,85.82,89,90,3.89,BJ,2023-10-29 18:02:32
280,Canete,-37.8,-73.4,45.66,87,100,10.89,CL,2023-10-29 18:02:32
281,Coquimbo,-29.9533,-71.3436,65.93,59,0,14.97,CL,2023-10-29 18:02:32
282,As Suki,13.3167,33.8833,80.65,67,75,6.31,SD,2023-10-29 18:02:33
283,Malvan,16.0667,73.4667,80.89,69,5,1.03,IN,2023-10-29 18:02:33
284,Pionerskiy,54.9508,20.2275,44.44,86,100,19.82,RU,2023-10-29 18:02:33
285,Lodja,-3.4833,23.4333,77.9,72,98,2.13,CD,2023-10-29 18:02:33
286,Victoria Point,-27.5833,153.3,64.36,79,13,1.77,AU,2023-10-29 18:02:33
287,Dwarka,22.2394,68.9678,81.66,68,92,9.19,IN,2023-10-29 18:02:34
288,Atvidaberg,58.2015,15.9977,39.79,97,100,9.46,SE,2023-10-29 18:02:34
289,Nevel',56.0209,29.9284,29.35,92,97,4.47,RU,2023-10-29 18:02:34
290,Nemuro,43.3236,145.575,49.91,71,48,8.63,JP,2023-10-29 18:02:34
291,Qamdo,31.1667,97.2333,27.1,37,45,2.46,CN,2023-10-29 18:02:35
292,Basni,27.1667,73.65,79.79,29,0,2.57,IN,2023-10-29 18:02:35
293,Garissa,-0.4536,39.6401,87.28,49,74,14.81,KE,2023-10-29 18:02:35
294,Den Helder,52.9599,4.7593,53.98,89,75,28.01,NL,2023-10-29 18:02:35
295,Kruisfontein,-34.0033,24.7314,52.23,60,7,6.76,ZA,2023-10-29 18:02:36
296,Khandyga,62.6667,135.6,18.43,97,100,2.64,RU,2023-10-29 18:02:36
297,Anatuya,-28.4606,-62.8347,101.59,28,0,6.13,AR,2023-10-29 18:01:44
298,Kievka,50.2619,71.5514,45.27,96,100,13.35,KZ,2023-10-29 18:02:36
299,Rikaze,29.25,88.8833,39.99,55,82,4.14,CN,2023-10-29 18:02:37
300,Vilyuchinsk,52.9306,158.4028,38.93,77,45,0.67,RU,2023-10-29 18:02:37
301,Tofol,5.3248,163.0078,81.09,79,98,8.93,FM,2023-10-29 18:00:31
302,Usinsk,65.9939,57.5281,11.07,87,99,5.99,RU,2023-10-29 18:02:37
303,Sumbawa Besar,-8.5,117.4333,73.45,79,26,3.87,ID,2023-10-29 18:02:37
304,Vadso,70.0744,29.7487,24.96,86,75,9.22,NO,2023-10-29 18:02:38
305,Ormara,25.2088,64.6357,80.47,76,0,10.13,PK,2023-10-29 18:02:38
306,Lerwick,60.1545,-1.1494,46.4,70,9,29.8,GB,2023-10-29 18:02:39
307,Uturoa,-16.7333,-151.4333,78.67,80,10,16.04,PF,2023-10-29 18:02:10
308,Choele Choel,-39.2667,-65.6833,68.36,12,79,42.79,AR,2023-10-29 17:59:14
309,Richards Bay,-28.783,32.0377,62.26,58,100,17.69,ZA,2023-10-29 18:02:39
310,Lazaro Cardenas,17.9583,-102.2,86.31,64,51,2.46,MX,2023-10-29 18:02:40
311,Yoloten,37.2989,62.3597,73.69,26,37,9.15,TM,2023-10-29 18:02:40
312,Asubulaq,49.5583,83.0558,35.37,99,100,4.09,KZ,2023-10-29 18:02:40
313,Aleg,17.0481,-13.9209,100.24,14,6,8.52,MR,2023-10-29 18:02:41
314,Bandar Abbas,27.1865,56.2808,84.18,65,27,6.91,IR,2023-10-29 18:02:41
315,San Antonio De Pale,-1.4014,5.6325,79.83,81,33,7.74,GQ,2023-10-29 18:02:41
316,Cedeira,43.6797,-8.0209,55.38,77,78,17.22,ES,2023-10-29 18:02:42
317,Qarazhal,48.0078,70.7903,50.07,89,100,11.65,KZ,2023-10-29 18:02:42
318,Mantua,45.1667,10.7833,60.04,93,88,1.99,IT,2023-10-29 18:02:42
319,Laguna,38.421,-121.4238,66.29,30,0,12.66,US,2023-10-29 18:01:16
320,Santa Ines,-3.6667,-45.38,102.96,21,24,7.0,BR,2023-10-29 18:02:42
321,Pisco,-13.7,-76.2167,74.01,73,0,13.8,PE,2023-10-29 18:02:43
322,Chibougamau,49.9168,-74.3659,28.02,64,100,10.36,CA,2023-10-29 18:02:34
323,Zouerate,22.7187,-12.4521,90.45,11,6,5.1,MR,2023-10-29 18:02:43
324,Ambon,-3.6954,128.1814,77.14,88,20,9.22,ID,2023-10-29 18:02:43
325,Faya-Largeau,17.9257,19.1043,85.26,13,1,12.82,TD,2023-10-29 18:02:43
326,Igarka,67.4667,86.5833,2.34,97,59,2.15,RU,2023-10-29 18:02:44
327,Anna Regina,7.2644,-58.5077,85.71,68,99,12.21,GY,2023-10-29 18:02:44
328,Beboto,8.2668,16.939,80.58,65,42,3.0,TD,2023-10-29 18:02:44
329,Guiuan,11.0333,125.7247,82.96,75,76,7.29,PH,2023-10-29 18:02:44
330,Orange Beach,30.2944,-87.5736,84.13,69,75,8.99,US,2023-10-29 18:02:44
331,Cabedelo,-6.9811,-34.8339,86.67,62,68,16.2,BR,2023-10-29 18:02:44
332,Island Harbour,50.724,-1.2758,54.0,84,78,7.0,GB,2023-10-29 18:02:45
333,Mount Gambier,-37.8333,140.7667,50.83,88,90,9.04,AU,2023-10-29 18:02:45
334,Papao,-17.75,-149.55,78.48,81,26,18.25,PF,2023-10-29 18:02:45
335,Vila Franca Do Campo,37.7167,-25.4333,64.81,99,68,11.56,PT,2023-10-29 18:02:45
336,As Sulayyil,20.4607,45.5779,84.45,32,98,9.42,SA,2023-10-29 18:02:45
337,Namibe,-15.1961,12.1522,69.24,80,53,5.79,AO,2023-10-29 18:02:45
338,Carbondale,37.7273,-89.2168,50.0,94,100,8.05,US,2023-10-29 18:02:46
339,Ifrane,33.3333,-5.25,54.52,62,84,7.05,MA,2023-10-29 18:02:46
340,Mossel Bay,-34.1831,22.146,57.13,60,3,23.73,ZA,2023-10-29 18:02:46
341,Aykhal,66.0,111.5,-8.97,97,94,6.76,RU,2023-10-29 18:02:46
342,Tuy Hoa,13.0833,109.3,77.0,91,52,4.54,VN,2023-10-29 18:00:23
343,Bajina Basta,43.9708,19.5675,58.48,66,0,3.94,RS,2023-10-29 18:02:47
344,Baganga,7.5739,126.56,77.04,85,15,4.83,PH,2023-10-29 18:02:47
345,Morondava,-20.2833,44.2833,78.24,75,0,15.1,MG,2023-10-29 18:02:47
346,Heyuan,23.7333,114.6833,72.52,88,83,2.04,CN,2023-10-29 18:02:48
347,Shevchenko,48.5,35.0,54.5,70,35,0.4,UA,2023-10-29 18:02:48
348,Kingscliff,-28.2667,153.5667,60.94,88,18,3.44,AU,2023-10-29 18:02:48
349,Fort St. John,56.2499,-120.8529,21.09,79,100,3.44,CA,2023-10-29 18:00:36
350,Lucea,18.451,-78.1736,85.86,69,17,11.54,JM,2023-10-29 18:02:48
351,Samarinda,-0.5,117.15,73.65,91,44,0.76,ID,2023-10-29 18:02:48
352,Mostovskoy,44.4122,40.7936,57.65,77,99,2.19,RU,2023-10-29 18:02:49
353,Choibalsan,48.0667,114.5,22.28,26,3,3.2,MN,2023-10-29 18:02:49
354,Yutan,28.25,112.55,65.46,75,4,1.86,CN,2023-10-29 18:02:49
355,Breganze,45.7057,11.5668,61.75,94,94,1.01,IT,2023-10-29 18:02:49
356,Bandarbeyla,9.4942,50.8122,80.28,78,58,10.25,SO,2023-10-29 18:02:50
357,Rabo De Peixe,37.8,-25.5833,63.91,99,20,9.22,PT,2023-10-29 18:02:50
358,Zeya,53.75,127.2667,35.49,56,100,1.12,RU,2023-10-29 18:02:50
359,Hamilton,39.1834,-84.5333,57.99,94,100,4.61,US,2023-10-29 17:58:05
360,Aby,58.6667,16.1833,41.16,87,100,12.66,SE,2023-10-29 18:02:50
361,Pocoes,-14.5297,-40.3653,88.5,26,17,9.8,BR,2023-10-29 18:02:50
362,Badiyah,22.45,58.8,76.84,66,91,8.75,OM,2023-10-29 18:02:51
363,Superior,46.7208,-92.1041,36.45,63,100,8.05,US,2023-10-29 18:02:24
364,Juneau,58.3019,-134.4197,37.09,100,100,0.81,US,2023-10-29 18:02:51
365,Ancud,-41.8697,-73.8203,47.37,55,80,20.49,CL,2023-10-29 18:02:51
366,Luang Namtha,20.9497,101.4011,68.07,99,100,1.25,LA,2023-10-29 18:02:51
367,Sandnessjoen,66.0217,12.6316,28.92,86,20,3.44,NO,2023-10-29 18:02:51
368,Oriximina,-1.7656,-55.8661,101.86,27,49,8.03,BR,2023-10-29 18:02:51
369,Alindao,5.0267,21.2088,75.65,87,59,1.61,CF,2023-10-29 18:02:52
370,Argo,37.6333,22.7333,66.78,67,14,1.9,GR,2023-10-29 18:02:52
371,Ingeniero Jacobacci,-41.3427,-69.5448,45.12,29,86,31.0,AR,2023-10-29 18:02:52
372,Plastun,44.7561,136.2939,37.15,57,7,4.18,RU,2023-10-29 18:02:52
373,Luau,-10.7073,22.2247,72.97,66,71,1.21,AO,2023-10-29 18:02:52
374,Mek'Ele,13.4967,39.4753,62.8,73,42,12.68,ET,2023-10-29 18:02:52
375,Savelugu,9.6244,-0.8253,90.86,40,67,3.06,GH,2023-10-29 18:02:52
376,Korsakov,46.6328,142.7813,26.44,72,8,3.89,RU,2023-10-29 18:02:53
377,Kapuskasing,49.4169,-82.4331,32.09,74,75,8.05,CA,2023-10-29 18:02:25
378,Yelizovo,53.1873,158.3805,38.8,80,75,6.71,RU,2023-10-29 18:02:53
379,Kolleda,51.1833,11.2333,58.57,88,100,3.0,DE,2023-10-29 18:02:53
380,Madang,-5.2246,145.7966,76.24,90,85,2.35,PG,2023-10-29 18:02:53
381,Rio Gallegos,-51.6226,-69.2181,44.65,61,100,8.05,AR,2023-10-29 18:02:53
382,Sompeta,18.9333,84.6,75.13,64,45,3.31,IN,2023-10-29 18:02:53
383,Fada,9.5667,8.3,76.82,58,89,1.63,NG,2023-10-29 18:02:54
384,Holualoa,19.6228,-155.9522,76.78,75,58,1.99,US,2023-10-29 18:02:54
385,Manay,7.215,126.5397,76.66,84,14,5.03,PH,2023-10-29 18:02:54
386,Zinjibar,13.1287,45.3807,81.84,68,30,13.98,YE,2023-10-29 18:02:54
387,Taltal,-25.4,-70.4833,63.86,72,44,6.26,CL,2023-10-29 18:01:25
388,Az Zubayr,30.3945,47.7011,75.06,33,40,6.91,IQ,2023-10-29 18:02:55
389,Kostopil',50.8784,26.4519,50.72,78,58,9.57,UA,2023-10-29 18:02:55
390,Cidreira,-30.1811,-50.2056,75.58,74,17,11.05,BR,2023-10-29 18:02:55
391,Carolina Beach,34.0352,-77.8936,84.25,66,0,8.95,US,2023-10-29 18:02:55
392,Aliade,7.2964,8.487,84.69,61,93,4.61,NG,2023-10-29 18:02:55
393,Paso De Los Toros,-32.8167,-56.5167,87.48,41,1,8.21,UY,2023-10-29 17:59:57
394,Taoudenni,22.6783,-3.9836,93.2,10,4,2.35,ML,2023-10-29 18:02:56
395,Poso,-1.3959,120.7524,77.31,79,43,4.14,ID,2023-10-29 18:02:56
396,Makhambet,47.6667,51.5833,54.46,61,0,17.76,KZ,2023-10-29 18:02:56
397,Koregaon,18.65,74.0833,73.02,41,5,4.32,IN,2023-10-29 18:02:56
398,Karaton,-6.3424,106.1045,75.29,83,19,0.94,ID,2023-10-29 18:02:56
399,Wagar,16.1525,36.2032,93.16,34,87,4.74,SD,2023-10-29 18:02:56
400,Osakarovka,50.565,72.5692,40.06,99,100,10.45,KZ,2023-10-29 18:02:57
401,Amboasary,-25.0333,46.3833,77.16,80,23,13.27,MG,2023-10-29 18:02:57
402,Edna,28.9786,-96.6461,87.87,72,12,9.98,US,2023-10-29 18:02:57
403,Aripuana,-9.1667,-60.6333,103.48,21,85,3.91,BR,2023-10-29 18:02:57
404,Palikir - National Government Center,6.9248,158.1611,75.94,100,100,3.44,FM,2023-10-29 17:59:19
405,Mata-Utu,-13.2816,-176.1745,82.71,75,58,4.27,WF,2023-10-29 18:02:57
406,Dorgali,40.2926,9.5881,64.67,94,21,6.2,IT,2023-10-29 18:02:58
407,Kirovskiy,45.0917,133.5136,37.13,58,22,5.66,RU,2023-10-29 18:02:58
408,Sechura,-5.5569,-80.8222,78.48,59,100,10.31,PE,2023-10-29 18:02:58
409,Flin Flon,54.7682,-101.865,24.64,86,100,8.05,CA,2023-10-29 18:02:58
410,Hassi Messaoud,31.6804,6.0729,89.46,13,75,2.3,DZ,2023-10-29 18:02:58
411,Chiredzi,-21.05,31.6667,65.84,72,54,18.54,ZW,2023-10-29 18:02:58
412,Calbuco,-41.768,-73.1273,45.61,45,77,21.56,CL,2023-10-29 18:02:58
413,Asadabad,34.7824,48.1185,53.55,30,10,2.42,IR,2023-10-29 18:02:59
414,Vorgashor,67.5833,63.95,1.42,97,20,5.5,RU,2023-10-29 18:02:59
415,Nacozari De Garcia,30.3742,-109.6908,70.47,36,0,7.49,MX,2023-10-29 18:02:59
416,Merowe,18.4833,31.8167,91.29,20,11,10.58,SD,2023-10-29 18:02:59
417,Kone,-21.0595,164.8658,65.8,71,46,4.83,NC,2023-10-29 18:02:59
418,Changzhi,35.2089,111.7386,63.12,38,1,4.32,CN,2023-10-29 18:02:59
419,Geraldton,-28.7667,114.6,57.61,88,55,6.91,AU,2023-10-29 18:03:00
420,Murzuq,25.9155,13.9184,78.98,16,0,8.63,LY,2023-10-29 18:03:00
421,Petrozavodsk,61.7849,34.3469,26.06,86,100,6.71,RU,2023-10-29 18:03:00
422,Novyy Urgal,51.0736,132.5642,30.25,71,96,1.23,RU,2023-10-29 18:03:00
423,Mulayjah,27.271,48.4242,80.22,45,63,5.14,SA,2023-10-29 18:03:00
424,Sinabang,2.4803,96.3801,76.8,90,100,0.98,ID,2023-10-29 18:02:44
425,Thunder Bay,48.4001,-89.3168,33.78,44,75,12.66,CA,2023-10-29 17:59:59
426,Minas,-34.3759,-55.2377,74.23,65,15,17.43,UY,2023-10-29 18:03:01
427,Kalianget,-7.05,113.9333,82.27,73,17,10.22,ID,2023-10-29 18:03:01
428,Perbaungan,3.5679,98.956,77.11,91,100,3.02,ID,2023-10-29 18:03:01
429,Beau Vallon,-20.4189,57.6953,77.23,78,40,3.44,MU,2023-10-29 18:00:05
430,La'Ie,21.6477,-157.9253,79.43,83,5,6.24,US,2023-10-29 18:03:01
431,Arteche,12.2645,125.4048,78.04,90,82,7.78,PH,2023-10-29 18:03:02
432,At Taj,24.2049,23.2857,75.83,25,0,10.11,LY,2023-10-29 18:03:03
433,Navia,43.5354,-6.7194,52.16,90,92,6.17,ES,2023-10-29 18:03:04
434,Babu,24.4167,111.5167,65.25,95,94,2.24,CN,2023-10-29 18:03:04
435,Manokwari,-0.8667,134.0833,77.74,82,79,3.91,ID,2023-10-29 18:03:05
436,Edson,53.5835,-116.4356,23.14,68,0,5.75,CA,2023-10-29 18:01:33
437,Waingapu,-9.6567,120.2641,78.49,83,26,5.73,ID,2023-10-29 18:03:05
438,Kalajoki,64.25,23.95,31.91,86,97,2.01,FI,2023-10-29 18:03:05
439,Barquisimeto,10.0739,-69.3228,81.45,75,85,2.84,VE,2023-10-29 18:03:06
440,Avarua,-21.2078,-159.775,73.45,68,95,10.36,CK,2023-10-29 18:03:06
441,Moura,38.1401,-7.4486,64.51,89,100,15.46,PT,2023-10-29 18:03:06
442,Magistral'Nyy,56.1725,107.4458,22.37,67,31,4.05,RU,2023-10-29 18:03:07
443,Mogadishu,2.0371,45.3438,81.07,79,80,8.28,SO,2023-10-29 18:00:54
444,Thames,-37.1333,175.5333,55.26,95,100,22.39,NZ,2023-10-29 18:03:07
445,Siocon,7.7061,122.1353,78.06,86,39,2.17,PH,2023-10-29 18:03:07
446,Lander,42.833,-108.7307,31.15,52,0,10.36,US,2023-10-29 18:03:08
447,Kabompo,-13.5927,24.2008,75.33,53,80,3.06,ZM,2023-10-29 18:03:08
448,Hami,42.8,93.45,56.03,33,96,6.91,CN,2023-10-29 18:01:46
449,Belmonte,-15.8631,-38.8828,81.21,58,85,11.86,BR,2023-10-29 18:02:50
450,Cao Bang,22.6667,106.25,67.44,97,100,2.28,VN,2023-10-29 18:03:09
451,Borzya,50.3833,116.5167,19.04,35,0,5.21,RU,2023-10-29 18:03:09
452,San Fernando,15.0286,120.6898,78.53,82,22,4.07,PH,2023-10-29 18:03:09
453,Istgah-E Rah Ahan-E Garmsar,35.2346,52.3094,70.79,21,3,2.48,IR,2023-10-29 18:03:10
454,Jaleshwar,26.6471,85.8008,69.51,71,8,4.43,NP,2023-10-29 18:03:10
455,Rovaniemi,66.5,25.7167,18.81,93,0,1.14,FI,2023-10-29 18:03:10
456,Cururupu,-1.8283,-44.8683,88.52,50,76,8.84,BR,2023-10-29 18:03:11
457,Bestobe,52.4994,73.0975,31.59,97,100,11.14,KZ,2023-10-29 18:03:11
458,Afaahiti,-17.75,-149.2833,76.87,80,33,14.25,PF,2023-10-29 18:03:12
459,Sakakah,29.9697,40.2064,65.77,72,100,7.52,SA,2023-10-29 18:03:12
460,San Clemente,33.427,-117.612,77.59,18,0,8.01,US,2023-10-29 18:03:12
461,Brookings,44.3114,-96.7984,34.12,61,0,9.22,US,2023-10-29 18:02:00
462,Rohru,31.2167,77.75,51.08,50,0,3.4,IN,2023-10-29 18:03:13
463,Polyarnyy,69.1989,33.4478,20.1,91,100,3.78,RU,2023-10-29 18:03:13
464,Hasaki,35.7333,140.8333,54.0,65,18,17.45,JP,2023-10-29 18:03:13
465,Puerto Aysen,-45.4,-72.7,41.63,90,100,3.87,CL,2023-10-29 18:03:14
466,Tazacorte,28.629,-17.9293,76.17,86,20,5.75,ES,2023-10-29 18:03:14
467,Garachico,28.7781,-17.7646,73.51,65,20,5.75,ES,2023-10-29 18:03:14
468,Kushiro,42.975,144.3747,45.91,84,67,6.58,JP,2023-10-29 18:03:15
469,Viana Do Castelo,41.6932,-8.8329,58.39,87,98,9.8,PT,2023-10-29 18:03:15
470,Ta`U,-14.2336,-169.5144,80.1,82,72,13.2,AS,2023-10-29 18:03:15
471,Anchorage,61.2181,-149.9003,40.35,82,100,5.01,US,2023-10-29 18:03:16
472,Charters Towers,-20.1,146.2667,62.6,74,25,7.05,AU,2023-10-29 18:03:16
473,Labrador City,52.9463,-66.9114,28.31,86,100,10.36,CA,2023-10-29 18:03:16
474,Buchanan,5.8808,-10.0467,80.94,79,9,8.68,LR,2023-10-29 18:03:17
475,Silver City,32.7701,-108.2803,64.67,38,40,9.22,US,2023-10-29 18:03:17
476,Batyrevo,55.0675,47.6111,32.22,96,100,15.7,RU,2023-10-29 18:03:17
477,Revda,56.801,59.9303,26.6,95,100,13.04,RU,2023-10-29 17:59:39
478,Challapata,-18.9,-66.7667,56.25,10,50,9.71,BO,2023-10-29 18:03:18
479,Santa Vitoria,-18.8386,-50.1214,96.91,29,81,6.64,BR,2023-10-29 18:02:58
480,Tralee,52.2704,-9.7026,48.45,100,20,2.3,IE,2023-10-29 18:03:18
481,Ryazanskaya,44.9553,39.5889,51.46,49,52,3.89,RU,2023-10-29 18:03:18
482,Chegdomyn,51.1167,133.0167,31.48,70,79,1.72,RU,2023-10-29 18:03:19
483,Remire-Montjoly,4.9167,-52.2667,93.24,49,0,13.8,GF,2023-10-29 18:02:51
484,Minas De Marcona,-15.2119,-75.1103,70.23,57,68,17.87,PE,2023-10-29 18:03:19
485,Juegang,32.3174,121.1855,62.91,81,0,7.58,CN,2023-10-29 18:03:20
486,Khanty-Mansiysk,61.0042,69.0019,14.11,67,0,8.99,RU,2023-10-29 18:03:20
487,Ceeldheer,3.8488,47.1806,75.97,86,100,8.41,SO,2023-10-29 18:03:21
488,Port Lincoln,-34.7333,135.8667,53.46,88,80,11.59,AU,2023-10-29 18:03:21
489,Tarawa,1.419,172.984,80.69,89,20,2.3,KI,2023-10-29 18:02:28
490,Pignon,19.3333,-72.1167,88.14,54,39,1.14,HT,2023-10-29 18:03:21
491,Linhares,-19.3911,-40.0722,87.49,49,26,13.06,BR,2023-10-29 18:00:44
492,Fortuna,40.5982,-124.1573,66.54,63,0,6.91,US,2023-10-29 18:03:22
493,Monteros,-27.1674,-65.4983,100.09,21,0,5.68,AR,2023-10-29 18:03:22
494,Sale,34.0389,-6.8166,68.76,68,75,3.44,MA,2023-10-29 18:03:22
495,Kailua-Kona,19.6406,-155.9956,80.51,74,48,1.99,US,2023-10-29 18:01:04
496,Castillos,-34.1667,-53.8333,74.73,68,12,12.97,UY,2023-10-29 18:03:23
497,Bodo,67.28,14.405,26.78,85,0,14.97,NO,2023-10-29 18:02:05
498,Lewiston Orchards,46.3804,-116.9754,38.71,69,0,6.91,US,2023-10-29 18:03:24
499,Champerico,14.3,-91.9167,86.54,74,97,6.08,GT,2023-10-29 18:03:24
500,Ilhabela,-23.7781,-45.3581,81.79,77,99,4.63,BR,2023-10-29 18:03:24
501,Tsiombe,-25.3,45.4833,75.42,75,2,6.46,MG,2023-10-29 18:03:24
502,Villa Sandino,12.0483,-84.9936,81.77,79,99,2.1,NI,2023-10-29 18:03:25
503,Flying Fish Cove,-10.4217,105.6791,78.48,88,100,9.22,CX,2023-10-29 18:03:26
504,Kerikeri,-35.2268,173.9474,61.92,95,99,4.0,NZ,2023-10-29 18:03:26
505,Yung Shue Wan,22.2333,114.1167,78.22,81,100,1.99,HK,2023-10-29 18:03:27
506,Isangel,-19.55,169.2667,70.54,74,71,8.9,VU,2023-10-29 18:03:27
507,Okha,53.5739,142.9478,37.51,76,95,14.67,RU,2023-10-29 18:03:28
508,Devonport,-41.1667,146.35,53.1,93,100,13.51,AU,2023-10-29 18:01:18
509,Teknaf,20.8624,92.3058,73.69,75,52,6.6,BD,2023-10-29 18:03:28
510,Jogeva,58.7467,26.3939,31.89,84,100,4.56,EE,2023-10-29 18:03:28
511,Ati,13.2154,18.3353,94.01,17,9,5.64,TD,2023-10-29 18:03:29
512,Keflavik,64.0049,-22.5624,39.63,75,0,6.91,IS,2023-10-29 18:03:29
513,Magong,23.5654,119.5863,75.61,77,77,24.36,TW,2023-10-29 18:03:29
514,Paphos,34.7667,32.4167,73.18,53,0,3.44,CY,2023-10-29 18:03:30
515,Shingu,33.7333,135.9833,52.38,83,0,6.44,JP,2023-10-29 18:00:09
516,Yeppoon,-23.1333,150.7333,58.78,76,59,5.19,AU,2023-10-29 18:03:30
517,Upata,8.0086,-62.3989,88.5,52,59,5.26,VE,2023-10-29 18:03:30
518,Gisborne,-38.6533,178.0042,53.46,90,100,15.97,NZ,2023-10-29 18:03:31
519,Jolo,6.05,121.0167,77.61,84,21,0.76,PH,2023-10-29 18:03:31
520,Dunay,42.8803,132.3375,41.72,71,39,10.33,RU,2023-10-29 18:03:32
521,Al Bawiti,28.3492,28.8659,77.04,37,17,9.15,EG,2023-10-29 18:03:32
522,Kloulklubed,7.0419,134.2556,82.0,75,98,4.07,PW,2023-10-29 18:03:32
523,I-N-Salah,27.1935,2.4607,88.65,14,100,4.68,DZ,2023-10-29 18:03:32
524,Saint-Pierre,-21.3393,55.4781,78.48,73,20,10.36,RE,2023-10-29 18:03:33
525,Jining,35.405,116.5814,62.44,51,25,7.99,CN,2023-10-29 18:00:21
526,Kutum,14.2,24.6667,79.99,16,58,8.3,SD,2023-10-29 18:03:33
527,Gillette,44.2911,-105.5022,25.03,70,98,13.0,US,2023-10-29 18:01:01
528,Sorong,-0.8833,131.25,77.97,89,61,6.31,ID,2023-10-29 18:03:34
529,Antsiranana,-12.2787,49.2917,77.07,80,3,15.66,MG,2023-10-29 18:03:34
530,Ares,-6.1944,-35.1603,84.29,60,57,17.63,BR,2023-10-29 18:03:34
531,Bardai,11.65,7.2333,81.05,22,10,6.96,NG,2023-10-29 18:03:35
532,Bubaque,11.2833,-15.8333,83.16,74,47,6.6,GW,2023-10-29 18:03:35
533,North Bay,46.3168,-79.4663,43.11,68,100,4.61,CA,2023-10-29 17:59:22
534,Sittwe,20.15,92.9,78.12,75,18,4.34,MM,2023-10-29 18:03:36
535,Balabac,7.9868,117.0645,82.83,76,13,8.21,PH,2023-10-29 18:03:36
536,Three Points,32.0767,-111.3137,75.07,16,0,6.91,US,2023-10-29 18:03:36
537,Monrovia,6.3005,-10.7969,83.97,77,11,8.66,LR,2023-10-29 18:03:36
538,Corumba,-19.0092,-57.6533,100.31,34,75,12.66,BR,2023-10-29 18:03:37
539,Kaya,13.0917,-1.0844,91.31,19,8,5.84,BF,2023-10-29 18:03:37
540,Rio Preto Da Eva,-2.6994,-59.6997,106.84,18,61,5.79,BR,2023-10-29 18:03:38
541,Shimoda,34.6667,138.95,56.1,66,0,3.74,JP,2023-10-29 18:03:38
542,Hjo,58.3013,14.2878,39.18,94,100,17.72,SE,2023-10-29 18:03:38
543,Kharan,28.5833,65.4167,79.39,25,36,1.21,PK,2023-10-29 18:03:38
544,Velikiy Novgorod,58.5167,31.2833,35.13,65,99,4.38,RU,2023-10-29 18:01:16
545,Campoverde,-8.4753,-74.8058,78.49,83,100,4.18,PE,2023-10-29 18:03:39
546,Zemio,5.0314,25.1361,75.22,75,57,2.04,CF,2023-10-29 18:03:39
547,Turtas,58.9417,69.1325,20.71,87,31,8.68,RU,2023-10-29 18:03:39
548,Sinan,34.8262,126.1086,53.71,74,54,5.01,KR,2023-10-29 18:03:39
549,Vila Velha,-20.3297,-40.2925,87.75,58,0,19.57,BR,2023-10-29 18:00:42
550,Ghadamis,30.1337,9.5007,83.86,16,54,9.89,LY,2023-10-29 18:03:40
551,Portland,45.5234,-122.6762,52.45,47,5,15.99,US,2023-10-29 18:00:20
552,Urangan,-25.3,152.9,66.52,64,0,3.78,AU,2023-10-29 18:03:40
553,Santana,-0.0583,-51.1817,95.18,46,75,14.97,BR,2023-10-29 18:03:41
554,Fortuna Foothills,32.6578,-114.4119,68.22,14,0,21.85,US,2023-10-29 18:02:38
555,Robertsport,6.7533,-11.3686,81.66,80,3,11.34,LR,2023-10-29 18:03:41
556,Merritt Island,28.5392,-80.672,87.04,61,0,11.5,US,2023-10-29 18:03:41
557,Namdrik,5.5994,168.1028,84.13,70,11,14.0,MH,2023-10-29 18:03:41
558,Yako,12.9667,-2.2667,90.7,22,5,3.94,BF,2023-10-29 18:03:42
559,Sullivan,36.5168,-82.5332,76.62,62,100,12.66,US,2023-10-29 18:03:42
560,Blagoveshchensk,50.2667,127.5333,38.48,69,40,6.71,RU,2023-10-29 18:03:42
561,Pushkinskiye Gory,57.0209,28.9103,29.1,91,81,5.1,RU,2023-10-29 18:03:42
562,Seeb,23.6703,58.1891,81.81,67,28,4.45,OM,2023-10-29 18:03:43
563,Madimba,-10.4,40.3333,78.55,84,58,8.66,TZ,2023-10-29 18:03:43
564,Knyaze-Volkonskoye,48.4642,135.4567,32.0,58,24,4.0,RU,2023-10-29 18:03:43
565,Xichang,27.8964,102.2634,58.19,76,75,1.83,CN,2023-10-29 18:03:43
566,Maydanshakhr,34.3956,68.8662,54.93,37,27,4.18,AF,2023-10-29 18:03:44
567,Kharp,66.8014,65.8081,10.09,97,100,1.99,RU,2023-10-29 18:03:44
568,Surgeres,46.1,-0.75,60.73,91,97,7.85,FR,2023-10-29 18:03:44
569,Taksimo,56.3444,114.8794,11.48,65,36,3.85,RU,2023-10-29 18:03:44
570,Raduzhny,62.0961,77.475,11.14,96,62,2.89,RU,2023-10-29 18:03:45
571,Olinda,-8.0089,-34.8553,83.93,61,40,12.66,BR,2023-10-29 17:59:36
572,Villa Mercedes,-33.6757,-65.4578,71.42,59,24,16.8,AR,2023-10-29 18:01:41
573,Atoluca,19.8608,-97.3481,68.63,68,31,7.02,MX,2023-10-29 18:03:46
574,Happy Valley-Goose Bay,53.3168,-60.3315,35.91,51,40,33.38,CA,2023-10-29 18:03:46
575,Verkhniye Kigi,55.4083,58.6044,33.75,98,100,4.74,RU,2023-10-29 18:03:46
576,Lamu,-2.2717,40.902,79.65,85,88,9.51,KE,2023-10-29 18:03:46
